"ID";"class";"PE";"G";"PS";"TE"
1;1;5;1;6.3;24
2;1;7;0;4.9;24
3;1;4;1;5.3;24
4;1;3;1;4.7;24
5;1;5;1;6;24
6;1;4;0;4.7;24
7;1;5;0;5.9;24
8;1;4;0;4.2;24
9;1;5;0;5.2;24
10;1;5;0;3.9;24
11;1;5;1;5.7;24
12;1;5;1;4.8;24
13;1;5;0;5;24
14;1;5;1;5.5;24
15;1;5;1;6;24
16;1;6;1;5.7;24
17;1;4;0;3.2;24
18;1;4;0;3.1;24
19;1;7;1;6.6;24
20;1;4;0;4.8;24
21;2;8;1;6.4;14
22;2;4;0;2.4;14
23;2;6;0;3.7;14
24;2;5;1;4.4;14
25;2;5;1;4.3;14
26;2;5;0;4;14
27;2;4;1;3.8;14
28;2;5;0;4.2;14
29;2;6;1;5.1;14
30;2;4;1;4.1;14
31;2;6;1;4.6;14
32;2;4;0;4.9;14
33;2;4;0;3.1;14
34;2;3;0;3.2;14
35;2;6;0;4.4;14
36;2;5;1;3.7;14
37;2;5;1;6.1;14
38;2;3;1;3.5;14
39;2;4;0;2.9;14
40;2;5;0;3.3;14
41;3;5;0;4.2;13
42;3;5;1;6;13
43;3;4;1;4.6;13
44;3;4;1;4.9;13
45;3;6;0;4.7;13
46;3;5;1;4.8;13
47;3;5;0;2.8;13
48;3;7;1;6.7;13
49;3;4;1;4.9;13
50;3;7;1;6.3;13
51;3;6;1;5.6;13
52;3;4;1;3.1;13
53;3;5;1;3.5;13
54;3;4;1;4.7;13
55;3;6;0;4.3;13
56;3;7;0;4.9;13
57;3;6;1;5.9;13
58;3;4;0;2.6;13
59;4;3;1;4.1;20
60;4;2;1;5.3;20
61;4;5;1;6.1;20
62;4;6;1;6;20
63;4;6;1;6.3;20
64;4;3;0;4;20
65;4;6;0;5.3;20
66;4;4;0;5.6;20
67;4;5;0;5.2;20
68;4;6;1;6.2;20
69;4;6;0;6.1;20
70;4;4;0;3.9;20
71;4;3;0;4.8;20
72;4;5;0;5.8;20
73;4;6;0;4.9;20
74;4;5;1;6.6;20
75;4;4;1;5.6;20
76;4;5;0;4.5;20
77;4;4;0;5.4;20
78;4;6;0;4.9;20
79;4;4;0;5.4;20
80;4;5;1;6.7;20
81;4;7;0;6.3;20
82;5;7;0;4.2;5
83;5;4;1;4;5
84;5;5;0;4.7;5
85;5;4;1;4.7;5
86;5;6;0;5.2;5
87;5;7;0;5.8;5
88;5;6;0;4.4;5
89;5;4;1;3.8;5
90;5;6;1;5.9;5
91;5;8;0;7;5
92;5;7;1;7.3;5
93;5;6;1;5.6;5
94;5;7;0;5.6;5
95;5;6;1;6.3;5
96;5;6;0;4.2;5
97;5;5;1;4.6;5
98;5;6;1;6.1;5
99;5;6;0;5;5
100;5;6;1;5.8;5
101;5;5;0;5.5;5
102;5;6;0;5.3;5
103;6;4;0;4.1;8
104;6;6;1;5.8;8
105;6;5;1;4.2;8
106;6;5;1;3.9;8
107;6;4;1;5;8
108;6;4;1;4.4;8
109;6;6;0;4.3;8
110;6;5;0;3.3;8
111;6;4;1;3.1;8
112;6;7;1;6.4;8
113;6;5;0;3.5;8
114;6;6;1;5.9;8
115;6;5;1;4.2;8
116;6;3;0;3.5;8
117;6;4;1;4.6;8
118;6;6;0;5.1;8
119;6;5;0;4.2;8
120;6;7;0;4.9;8
121;6;5;0;3.6;8
122;6;4;0;2.7;8
123;7;6;1;5.8;17
124;7;4;1;4.8;17
125;7;4;0;4.4;17
126;7;4;0;1.7;17
127;7;4;0;3.6;17
128;7;5;1;3.8;17
129;7;4;0;4.1;17
130;7;5;1;5.7;17
131;7;6;0;2.9;17
132;7;5;1;4.9;17
133;7;5;0;5.1;17
134;7;6;0;4;17
135;7;4;0;3;17
136;7;4;1;4.7;17
137;7;7;0;2.8;17
138;7;5;0;3.7;17
139;7;6;1;5.1;17
140;7;5;0;3.5;17
141;7;5;1;4.7;17
142;7;7;1;6;17
143;7;5;0;4;17
144;8;6;1;6.1;12
145;8;5;0;3.2;12
146;8;4;1;3.3;12
147;8;7;1;5;12
148;8;6;0;4.2;12
149;8;7;1;5.6;12
150;8;6;0;3.9;12
151;8;5;1;4.5;12
152;8;6;0;2.2;12
153;8;5;1;4.2;12
154;8;4;0;1.5;12
155;8;5;0;3.2;12
156;8;5;0;2.7;12
157;8;5;1;4.1;12
158;8;7;0;4.8;12
159;8;5;0;3.5;12
160;8;5;1;3.6;12
161;8;7;1;5.5;12
162;8;6;1;4.8;12
163;8;5;1;3.5;12
164;9;6;0;5.2;9
165;9;5;1;6;9
166;9;5;1;5.1;9
167;9;6;1;5.3;9
168;9;6;1;6.7;9
169;9;5;0;3.6;9
170;9;5;0;3.5;9
171;9;5;0;3.9;9
172;9;5;0;4.3;9
173;9;5;0;4;9
174;9;3;0;4.6;9
175;9;4;1;4.5;9
176;9;4;0;3.6;9
177;9;5;0;2.6;9
178;9;4;0;3.9;9
179;9;6;0;5;9
180;9;6;1;4.5;9
181;9;7;1;7.3;9
182;9;6;1;6.7;9
183;9;4;0;2.9;9
184;10;5;0;5.4;21
185;10;6;1;6.3;21
186;10;5;0;3.4;21
187;10;4;1;4.9;21
188;10;5;0;5.1;21
189;10;6;1;7;21
190;10;5;0;5.4;21
191;10;5;0;4.9;21
192;10;6;1;6.6;21
193;10;5;1;5.8;21
194;10;6;0;4.4;21
195;10;6;0;4.9;21
196;10;7;1;6;21
197;10;6;0;4.8;21
198;10;3;0;3.6;21
199;10;5;0;5;21
200;10;3;0;5.5;21
201;10;6;0;5;21
202;10;3;1;5.2;21
203;10;6;1;5.4;21
204;10;4;1;6;21
205;10;6;1;5.7;21
206;10;4;1;6.1;21
207;10;5;1;5.2;21
208;11;4;0;4.7;11
209;11;5;1;5.5;11
210;11;5;1;4.8;11
211;11;6;0;4.9;11
212;11;5;0;4.6;11
213;11;6;1;4.6;11
214;11;5;0;3.4;11
215;11;7;1;5.6;11
216;11;4;1;5.4;11
217;11;5;1;5.6;11
218;11;6;0;3.2;11
219;11;6;0;5.1;11
220;11;6;0;4.4;11
221;11;6;1;4.8;11
222;11;4;1;4.2;11
223;11;5;0;4.3;11
224;11;5;0;4.2;11
225;11;6;0;4;11
226;11;4;0;1.6;11
227;11;5;1;4.9;11
228;11;5;1;3.8;11
229;11;4;0;4.1;11
230;12;5;0;3.7;16
231;12;4;1;4.8;16
232;12;2;1;4.2;16
233;12;7;1;5.7;16
234;12;4;1;4.6;16
235;12;3;0;3.8;16
236;12;4;0;2.8;16
237;12;6;0;4.7;16
238;12;5;1;5.6;16
239;12;3;1;2.8;16
240;12;4;0;3.8;16
241;12;3;0;2.4;16
242;12;4;1;5.3;16
243;12;4;0;3.5;16
244;12;4;0;4.5;16
245;12;5;0;4.5;16
246;12;6;0;4.5;16
247;13;4;1;6.5;19
248;13;4;1;6.4;19
249;13;6;0;6.2;19
250;13;6;0;6.1;19
251;13;5;1;5.6;19
252;13;4;1;6.3;19
253;13;6;0;6.2;19
254;13;6;1;6.2;19
255;13;6;0;5.7;19
256;13;7;0;5.9;19
257;13;3;1;5;19
258;13;4;1;6.1;19
259;13;4;0;4.5;19
260;13;6;1;7.2;19
261;13;6;0;6.3;19
262;13;4;0;4.8;19
263;13;7;1;8;19
264;13;5;1;6;19
265;13;5;1;7.7;19
266;13;4;1;6.1;19
267;14;7;0;3;2
268;14;6;0;3.3;2
269;14;9;0;5.3;2
270;14;7;0;3.2;2
271;14;6;0;3.6;2
272;14;8;0;4.5;2
273;14;5;0;1.4;2
274;14;6;0;2.3;2
275;14;6;0;2.8;2
276;14;8;0;4.5;2
277;14;7;0;3.9;2
278;14;7;0;4.5;2
279;14;7;0;3.1;2
280;14;7;0;4.5;2
281;14;6;0;2.3;2
282;14;8;0;6.5;2
283;14;6;0;3.1;2
284;15;5;0;4.2;8
285;15;5;0;3.4;8
286;15;4;0;4;8
287;15;4;0;3.1;8
288;15;7;0;6.3;8
289;15;6;1;4.4;8
290;15;6;1;5.5;8
291;15;8;1;7.9;8
292;15;5;0;2.9;8
293;15;8;0;6.4;8
294;15;5;1;5.1;8
295;15;7;0;4.3;8
296;15;6;0;4.3;8
297;15;5;1;5.8;8
298;15;6;0;4.5;8
299;15;5;1;4.5;8
300;15;6;0;6;8
301;15;6;1;5.6;8
302;15;6;0;4.7;8
303;15;4;1;4.5;8
304;15;3;0;4.3;8
305;15;5;0;3.2;8
306;15;5;0;5;8
307;15;4;0;2.9;8
308;16;5;1;4.2;11
309;16;6;1;5.6;11
310;16;5;1;4.5;11
311;16;7;1;6.3;11
312;16;5;1;5.1;11
313;16;5;0;2.8;11
314;16;6;1;6.3;11
315;16;8;0;3.1;11
316;16;5;1;5.4;11
317;16;6;1;4.7;11
318;16;8;1;6.5;11
319;16;6;1;4.5;11
320;16;7;1;6.8;11
321;16;5;0;2.9;11
322;16;4;1;5.1;11
323;16;6;1;4.2;11
324;16;6;1;5.1;11
325;17;4;0;3.7;16
326;17;3;1;5.2;16
327;17;6;0;6.3;16
328;17;5;0;3.9;16
329;17;3;1;5.3;16
330;17;5;0;3.7;16
331;17;6;1;5.8;16
332;17;4;1;4.6;16
333;17;5;1;5.9;16
334;17;5;1;5.8;16
335;17;6;1;6.6;16
336;17;4;0;3.7;16
337;17;6;0;5.8;16
338;17;6;1;6.2;16
339;17;6;0;4.8;16
340;17;6;1;7;16
341;17;3;1;5.4;16
342;17;5;1;7;16
343;17;4;0;3.3;16
344;17;7;1;6.7;16
345;17;5;1;5.6;16
346;17;4;0;3.5;16
347;17;4;0;3.6;16
348;17;4;0;5.1;16
349;17;5;0;3.7;16
350;17;4;0;5.3;16
351;18;7;0;6.1;21
352;18;5;1;7.8;21
353;18;4;0;4.8;21
354;18;5;0;6.7;21
355;18;5;0;5.1;21
356;18;4;1;6.8;21
357;18;5;0;7.1;21
358;18;3;1;6.7;21
359;18;5;0;5.6;21
360;18;4;1;5.1;21
361;18;5;0;4.8;21
362;18;6;1;6.7;21
363;18;5;0;6.7;21
364;18;4;0;6.9;21
365;18;5;1;7.9;21
366;18;5;0;6.6;21
367;18;6;0;6.9;21
368;18;5;1;5.7;21
369;18;4;1;4.4;21
370;18;3;1;5.7;21
371;18;5;0;6;21
372;19;8;1;7.1;16
373;19;4;0;5.4;16
374;19;5;0;6.2;16
375;19;5;1;7.1;16
376;19;5;0;4.4;16
377;19;3;0;3.2;16
378;19;5;0;5.6;16
379;19;4;1;6.2;16
380;19;5;0;4.5;16
381;19;4;1;5.9;16
382;19;6;1;5.9;16
383;19;4;0;3.7;16
384;19;6;1;7.1;16
385;19;5;1;5.6;16
386;19;3;0;5;16
387;19;5;1;5.9;16
388;19;4;1;4.8;16
389;19;5;0;5.7;16
390;19;3;1;6.8;16
391;19;4;0;4;16
392;20;5;1;6;10
393;20;7;1;6.5;10
394;20;5;1;5.9;10
395;20;4;1;5.1;10
396;20;5;1;5.8;10
397;20;6;1;6.9;10
398;20;8;1;7.2;10
399;20;5;0;3.3;10
400;20;5;1;6.6;10
401;20;4;0;2.7;10
402;20;4;0;3.1;10
403;20;6;1;5.7;10
404;20;7;0;5.6;10
405;20;4;1;6.3;10
406;20;6;1;5.9;10
407;20;5;0;2.9;10
408;20;6;1;6.3;10
409;20;5;1;5.7;10
410;20;6;1;6.3;10
411;20;5;0;4.2;10
412;21;5;1;5.4;17
413;21;5;1;5.7;17
414;21;5;1;4.2;17
415;21;4;1;3.5;17
416;21;7;0;4.6;17
417;21;5;0;4.1;17
418;21;5;0;4.2;17
419;21;4;1;4.6;17
420;21;6;0;4;17
421;21;3;0;4.5;17
422;21;6;1;4.9;17
423;21;6;0;5.3;17
424;21;4;0;3.7;17
425;21;4;0;3.8;17
426;21;5;1;5.8;17
427;21;4;0;3.7;17
428;21;5;0;5.4;17
429;21;4;1;6.7;17
430;21;3;1;4.7;17
431;21;6;1;6;17
432;21;4;1;6.3;17
433;21;5;1;5;17
434;21;6;1;5.1;17
435;22;3;1;5.7;11
436;22;2;1;5.8;11
437;22;6;1;7.6;11
438;22;6;1;7.8;11
439;22;5;0;5.4;11
440;22;4;0;5.7;11
441;22;4;0;6.3;11
442;22;6;1;6.7;11
443;22;4;1;7;11
444;22;5;0;5.6;11
445;22;5;0;5.5;11
446;22;6;0;5.4;11
447;22;6;1;6.7;11
448;22;7;1;7.3;11
449;22;5;0;6.1;11
450;22;5;1;6.5;11
451;22;4;0;5.8;11
452;22;6;1;7.1;11
453;22;5;1;5.9;11
454;22;7;1;7;11
455;23;6;0;5;15
456;23;6;1;4.8;15
457;23;4;1;5.9;15
458;23;5;0;4.5;15
459;23;5;1;6.3;15
460;23;7;1;6;15
461;23;5;1;6.4;15
462;23;4;0;3.3;15
463;23;6;0;4.6;15
464;23;5;0;5.6;15
465;23;5;0;4.5;15
466;23;6;1;6.4;15
467;23;4;0;3.8;15
468;23;6;1;6.6;15
469;23;5;1;6.5;15
470;23;6;0;5.6;15
471;23;5;1;5.7;15
472;23;5;0;4.2;15
473;23;7;1;6.7;15
474;23;3;0;3.2;15
475;23;7;0;5.4;15
476;23;3;0;4.7;15
477;24;5;0;3.4;6
478;24;4;0;2.7;6
479;24;5;1;3.8;6
480;24;5;1;3.7;6
481;24;7;1;7.3;6
482;24;7;1;6.6;6
483;24;7;0;3;6
484;24;6;1;5.2;6
485;24;5;0;4.7;6
486;24;6;1;6.2;6
487;24;7;0;4.5;6
488;24;6;0;3.3;6
489;24;6;0;3.9;6
490;24;5;0;3.4;6
491;24;5;0;4.1;6
492;24;7;1;5.3;6
493;24;5;1;5.6;6
494;24;5;1;5.3;6
495;24;6;0;4.5;6
496;25;4;0;5.1;19
497;25;5;1;5.6;19
498;25;5;1;5.6;19
499;25;4;1;5.9;19
500;25;7;1;6.5;19
501;25;6;0;3.7;19
502;25;5;0;3.9;19
503;25;6;1;5.7;19
504;25;4;1;5.7;19
505;25;5;0;5.1;19
506;25;6;1;5.7;19
507;25;6;0;4.6;19
508;25;5;1;7;19
509;25;4;1;4.7;19
510;25;5;1;3.3;19
511;25;4;0;4;19
512;25;5;0;2.9;19
513;25;5;0;3.8;19
514;25;5;0;3.7;19
515;25;5;0;4.3;19
516;26;5;1;4.1;10
517;26;4;1;3.7;10
518;26;6;0;4.1;10
519;26;4;1;4.1;10
520;26;4;0;2.8;10
521;26;4;1;3.2;10
522;26;6;1;6;10
523;26;5;0;3.2;10
524;26;4;0;3.4;10
525;26;4;0;3.2;10
526;26;6;1;4.9;10
527;26;5;0;3.5;10
528;26;4;1;3.9;10
529;26;6;0;3.8;10
530;26;4;0;2.9;10
531;26;3;1;3.6;10
532;26;7;1;6.1;10
533;26;4;1;5.5;10
534;26;7;0;6.2;10
535;26;5;0;2.6;10
536;26;4;1;4.5;10
537;27;4;0;2.5;10
538;27;6;0;6;10
539;27;6;0;3.6;10
540;27;5;0;4.8;10
541;27;4;0;2.9;10
542;27;7;0;6.2;10
543;27;5;0;4;10
544;27;7;0;4.9;10
545;27;5;1;5.4;10
546;27;5;0;4.2;10
547;27;5;1;4.8;10
548;27;6;1;6.4;10
549;27;5;0;3.2;10
550;27;5;1;5.2;10
551;27;4;1;3.4;10
552;27;5;1;4.8;10
553;27;5;0;4.2;10
554;27;4;0;3.2;10
555;27;6;0;4.7;10
556;27;6;0;4.6;10
557;28;5;0;4.9;13
558;28;3;1;4.3;13
559;28;3;0;3.8;13
560;28;5;0;4.1;13
561;28;6;1;5.5;13
562;28;6;1;5;13
563;28;6;0;3.6;13
564;28;5;1;5.4;13
565;28;6;1;6;13
566;28;5;1;4.8;13
567;28;6;0;4.1;13
568;28;5;0;4.2;13
569;28;6;1;5.6;13
570;28;7;0;4.4;13
571;28;5;1;4.8;13
572;28;6;0;3.3;13
573;28;5;1;4.9;13
574;28;4;0;3.4;13
575;28;3;1;3.7;13
576;28;4;1;4.4;13
577;29;4;1;5.9;22
578;29;4;0;3.8;22
579;29;5;0;5.2;22
580;29;7;0;6.1;22
581;29;4;1;5.5;22
582;29;4;1;7.2;22
583;29;6;0;6.2;22
584;29;5;1;7.1;22
585;29;4;1;6;22
586;29;5;1;6;22
587;29;3;0;5.2;22
588;29;3;0;6.6;22
589;29;5;1;5.7;22
590;29;5;1;6.9;22
591;29;5;1;6.6;22
592;29;3;1;5.7;22
593;29;2;0;4.7;22
594;30;6;0;3.3;6
595;30;5;0;2.6;6
596;30;5;1;5.3;6
597;30;7;0;4;6
598;30;5;1;4.7;6
599;30;6;0;5.2;6
600;30;6;0;3.5;6
601;30;8;1;6.5;6
602;30;5;0;3.9;6
603;30;5;1;4.9;6
604;30;6;0;3.6;6
605;30;5;1;4.3;6
606;30;4;1;3.5;6
607;30;5;0;4;6
608;30;8;1;7.1;6
609;30;6;1;6.1;6
610;30;8;1;4.6;6
611;31;6;0;4.9;6
612;31;6;1;5.7;6
613;31;6;1;5.2;6
614;31;6;1;7.3;6
615;31;5;0;3.5;6
616;31;5;1;4;6
617;31;6;1;5.8;6
618;31;5;1;5.8;6
619;31;5;0;4.4;6
620;31;6;0;4.6;6
621;31;5;0;4.2;6
622;31;3;0;1.5;6
623;31;4;0;2.9;6
624;31;4;0;3.2;6
625;31;4;0;1.8;6
626;31;6;1;5.5;6
627;31;3;0;0.4;6
628;31;6;0;5.4;6
629;31;5;1;5.1;6
630;32;5;1;6.2;12
631;32;6;0;5.9;12
632;32;6;1;4.9;12
633;32;6;1;6;12
634;32;6;0;4.9;12
635;32;4;0;3.9;12
636;32;4;0;4.5;12
637;32;5;1;4.6;12
638;32;3;0;2.4;12
639;32;4;1;4.7;12
640;32;6;1;5;12
641;32;6;0;5.8;12
642;32;5;1;6.1;12
643;32;4;0;4.6;12
644;32;5;1;5.2;12
645;32;5;0;4.8;12
646;32;5;0;4;12
647;32;5;0;3.1;12
648;32;6;0;4.8;12
649;32;6;1;7.3;12
650;32;4;0;3.3;12
651;32;5;1;4.2;12
652;32;6;1;6.9;12
653;33;7;1;7.2;3
654;33;7;1;8.7;3
655;33;7;1;5.4;3
656;33;8;1;9.2;3
657;33;6;1;7;3
658;33;7;1;6.4;3
659;33;8;1;9.5;3
660;33;7;1;8.1;3
661;33;8;1;6;3
662;33;8;1;7;3
663;33;9;1;8.1;3
664;33;6;1;7.4;3
665;33;7;1;8.4;3
666;33;6;1;4.7;3
667;33;7;1;7.4;3
668;33;7;1;5.7;3
669;33;7;1;8;3
670;33;9;1;8.8;3
671;33;6;1;6.2;3
672;34;6;0;5.8;8
673;34;5;0;3.8;8
674;34;8;1;8.5;8
675;34;7;0;4.6;8
676;34;6;0;3.9;8
677;34;5;0;3.9;8
678;34;6;0;4.7;8
679;34;7;0;5.6;8
680;34;4;1;3.3;8
681;34;6;0;5.7;8
682;34;6;0;4.1;8
683;34;4;1;4.3;8
684;34;5;0;5.4;8
685;34;5;0;4.8;8
686;34;3;1;3.2;8
687;34;6;0;4.2;8
688;34;5;0;3.9;8
689;34;7;1;6.1;8
690;34;6;0;4.5;8
691;34;5;0;3.8;8
692;34;6;1;6.8;8
693;34;5;1;5;8
694;35;4;1;6;25
695;35;5;1;7.5;25
696;35;6;1;7.9;25
697;35;4;1;7.8;25
698;35;4;1;7.9;25
699;35;5;1;7;25
700;35;6;1;5.5;25
701;35;4;1;7;25
702;35;4;1;6.2;25
703;35;7;1;7;25
704;35;4;1;6.6;25
705;35;6;1;6.8;25
706;35;3;1;6.8;25
707;35;6;1;6.8;25
708;35;4;1;7.4;25
709;35;5;1;7.5;25
710;35;6;1;7.1;25
711;35;4;1;6.7;25
712;35;5;1;7.3;25
713;35;3;1;6.7;25
714;36;6;1;6.3;15
715;36;4;0;3.9;15
716;36;5;0;4;15
717;36;4;0;3.2;15
718;36;6;0;4.2;15
719;36;3;1;5;15
720;36;3;1;5.3;15
721;36;4;1;5.3;15
722;36;6;0;5.7;15
723;36;4;1;5.2;15
724;36;3;0;5;15
725;36;5;0;3.9;15
726;36;3;1;5.4;15
727;36;4;1;7.4;15
728;36;7;0;4.3;15
729;36;6;1;6.7;15
730;36;5;0;4.4;15
731;36;4;0;5.3;15
732;36;4;0;5.3;15
733;37;5;0;4.6;20
734;37;5;1;6.9;20
735;37;6;1;6.4;20
736;37;6;1;6.7;20
737;37;5;0;4.1;20
738;37;6;0;4.6;20
739;37;7;0;5.3;20
740;37;5;1;7.1;20
741;37;6;0;6;20
742;37;6;0;4;20
743;37;4;1;4.9;20
744;37;4;0;4.1;20
745;37;4;0;4.4;20
746;37;5;0;4.8;20
747;37;5;0;4.5;20
748;37;4;0;3.6;20
749;37;6;0;5.7;20
750;37;7;1;6.8;20
751;37;6;1;7.3;20
752;38;5;0;3.5;18
753;38;5;0;3.5;18
754;38;5;0;4.9;18
755;38;5;1;4.8;18
756;38;5;1;5.8;18
757;38;5;1;5.9;18
758;38;4;1;5;18
759;38;6;0;4.3;18
760;38;4;1;4.6;18
761;38;4;0;3.6;18
762;38;4;0;3;18
763;38;6;0;4.5;18
764;38;4;0;3.9;18
765;38;5;0;4.2;18
766;38;5;1;6;18
767;38;6;1;6.5;18
768;38;5;0;3.4;18
769;39;4;1;5.4;19
770;39;4;1;5.6;19
771;39;4;0;3.6;19
772;39;6;0;4.7;19
773;39;4;1;5.7;19
774;39;4;1;4.8;19
775;39;7;1;6.4;19
776;39;5;1;4.9;19
777;39;5;1;5.3;19
778;39;5;1;5.5;19
779;39;6;0;3.9;19
780;39;5;0;5.1;19
781;39;4;0;4.8;19
782;39;3;1;4.6;19
783;39;4;0;5.2;19
784;39;6;1;6;19
785;40;8;1;6.4;2
786;40;8;1;5.1;2
787;40;9;1;7.7;2
788;40;9;1;7.4;2
789;40;8;1;6.8;2
790;40;10;1;6.8;2
791;40;9;1;8.2;2
792;40;10;1;7.6;2
793;40;9;1;7.5;2
794;40;8;1;6.5;2
795;40;7;1;4.3;2
796;40;10;1;7.7;2
797;40;8;1;7.5;2
798;40;9;1;6.5;2
799;40;10;1;8.6;2
800;40;9;1;5.4;2
801;40;8;1;4.5;2
802;40;6;1;3.8;2
803;40;8;1;6.9;2
804;40;8;1;6.6;2
805;41;6;1;5;18
806;41;3;0;3.4;18
807;41;5;0;2.5;18
808;41;5;1;5;18
809;41;6;0;3.8;18
810;41;5;0;3.4;18
811;41;5;0;3;18
812;41;5;1;4.4;18
813;41;5;1;3.6;18
814;41;4;1;4.2;18
815;41;6;1;5.3;18
816;41;5;0;2.9;18
817;41;5;0;2.8;18
818;41;6;0;3.7;18
819;41;5;1;4.2;18
820;41;4;1;3.2;18
821;41;3;1;3.6;18
822;41;5;1;4.1;18
823;41;4;0;3.2;18
824;42;3;1;5.3;12
825;42;7;0;6.6;12
826;42;5;0;4.1;12
827;42;5;1;5.5;12
828;42;5;0;4.8;12
829;42;4;1;4.5;12
830;42;3;0;3.9;12
831;42;5;1;5.9;12
832;42;5;1;5;12
833;42;7;1;7.1;12
834;42;7;0;5.2;12
835;42;5;1;7;12
836;42;6;1;7.3;12
837;42;3;1;4.1;12
838;42;6;0;5.5;12
839;42;6;0;4.9;12
840;42;6;1;7.2;12
841;42;5;0;4.1;12
842;42;5;1;4.4;12
843;42;4;1;5.3;12
844;42;4;1;3.6;12
845;43;7;0;6.7;12
846;43;5;1;4.2;12
847;43;5;0;5.6;12
848;43;4;1;4.7;12
849;43;6;1;5.6;12
850;43;4;1;6.2;12
851;43;6;0;4.7;12
852;43;5;0;5.4;12
853;43;5;1;6.7;12
854;43;5;0;4.8;12
855;43;5;0;5.5;12
856;43;4;0;5.6;12
857;43;6;0;4.3;12
858;43;5;0;5.2;12
859;43;7;0;5.9;12
860;43;4;0;4.5;12
861;43;6;0;5.7;12
862;44;5;0;4.2;14
863;44;6;1;6.7;14
864;44;6;1;6;14
865;44;6;1;6;14
866;44;5;0;4;14
867;44;5;0;5.1;14
868;44;4;1;4.9;14
869;44;5;0;3.9;14
870;44;6;0;4.5;14
871;44;4;0;3.3;14
872;44;6;0;4.3;14
873;44;8;1;6.4;14
874;44;5;1;5.2;14
875;44;7;1;6.2;14
876;44;7;1;5.7;14
877;44;5;0;3.6;14
878;44;6;0;5.1;14
879;44;5;1;5.1;14
880;44;5;0;3.7;14
881;45;6;0;4.3;20
882;45;6;1;7.9;20
883;45;5;1;4.8;20
884;45;7;1;7.7;20
885;45;6;0;6.3;20
886;45;4;0;4.9;20
887;45;5;0;5.2;20
888;45;3;1;7.9;20
889;45;6;0;6.2;20
890;45;6;1;6;20
891;45;5;0;4.8;20
892;45;5;0;6.2;20
893;45;4;0;5.6;20
894;45;6;0;5.1;20
895;45;4;0;4.5;20
896;45;5;0;5.5;20
897;45;6;1;7.1;20
898;45;5;0;4.8;20
899;45;5;0;4.9;20
900;46;4;1;5.5;18
901;46;4;1;5.5;18
902;46;6;1;6.1;18
903;46;4;0;4;18
904;46;4;0;3.5;18
905;46;4;0;3.4;18
906;46;6;1;6.2;18
907;46;4;1;5.1;18
908;46;4;0;3.5;18
909;46;6;1;6.3;18
910;46;5;1;6.1;18
911;46;6;1;5.7;18
912;46;6;1;3.9;18
913;46;5;1;5.6;18
914;46;4;0;3.6;18
915;46;5;0;5.2;18
916;46;8;1;8.4;18
917;46;3;0;3.1;18
918;46;2;1;5.1;18
919;46;6;1;6.5;18
920;46;3;1;4.5;18
921;46;4;1;5.3;18
922;46;4;0;3.7;18
923;47;4;1;5.3;13
924;47;8;0;5.5;13
925;47;5;1;5.8;13
926;47;5;0;3.7;13
927;47;6;0;5.4;13
928;47;4;1;4.9;13
929;47;5;0;4.1;13
930;47;6;1;5.5;13
931;47;6;1;6.1;13
932;47;4;1;3.9;13
933;47;5;0;5.2;13
934;47;5;1;4.4;13
935;47;5;0;4.3;13
936;47;5;0;3;13
937;47;4;1;5.9;13
938;47;4;1;4.4;13
939;47;7;0;5.5;13
940;48;6;1;5.8;6
941;48;4;0;1.8;6
942;48;7;0;5.5;6
943;48;5;0;2.1;6
944;48;6;0;3.6;6
945;48;6;0;1.9;6
946;48;4;1;4.4;6
947;48;8;1;5.1;6
948;48;4;0;2.5;6
949;48;5;1;2.6;6
950;48;5;0;3.6;6
951;48;5;0;3.4;6
952;48;6;1;6.1;6
953;48;8;1;7.4;6
954;48;7;0;5.2;6
955;48;6;1;4.5;6
956;48;6;1;5.3;6
957;48;5;0;4;6
958;48;5;0;4.2;6
959;49;4;1;5.4;7
960;49;6;1;5.7;7
961;49;4;0;3.2;7
962;49;7;1;6.3;7
963;49;5;1;4.2;7
964;49;5;0;4.4;7
965;49;5;1;5;7
966;49;6;0;4.3;7
967;49;5;0;4.2;7
968;49;5;1;4.7;7
969;49;5;1;4.1;7
970;49;6;1;5.4;7
971;49;6;1;5.2;7
972;49;5;0;4.8;7
973;49;6;1;4.9;7
974;49;5;0;4.5;7
975;49;6;0;3.5;7
976;49;8;1;6.9;7
977;49;4;0;5.3;7
978;49;5;0;3.4;7
979;50;4;0;5.2;25
980;50;6;1;6.7;25
981;50;5;1;6.8;25
982;50;5;0;5.6;25
983;50;6;0;5.6;25
984;50;2;1;6.5;25
985;50;5;0;5.1;25
986;50;5;0;7;25
987;50;7;0;6.4;25
988;50;5;0;6.4;25
989;50;6;1;7.4;25
990;50;5;0;5.8;25
991;50;4;1;6.7;25
992;50;5;0;5.3;25
993;50;5;0;5.4;25
994;50;5;1;7.2;25
995;50;5;0;5;25
996;50;6;1;6.3;25
997;50;5;1;7.6;25
998;50;4;1;5.9;25
999;51;5;0;4.2;16
1000;51;4;1;4.9;16
1001;51;5;0;3.1;16
1002;51;6;1;5.1;16
1003;51;5;1;5;16
1004;51;4;1;5.5;16
1005;51;5;1;3.7;16
1006;51;5;0;3.2;16
1007;51;5;1;5;16
1008;51;5;1;4.8;16
1009;51;5;0;2.4;16
1010;51;6;0;4.1;16
1011;51;3;0;2.4;16
1012;51;5;1;5.9;16
1013;51;5;1;4.3;16
1014;51;6;0;4;16
1015;51;5;1;5.3;16
1016;51;5;1;4.3;16
1017;51;5;0;4;16
1018;51;3;0;3.9;16
1019;51;5;1;6.3;16
1020;51;6;1;5.8;16
1021;51;5;0;3.9;16
1022;52;6;1;6;7
1023;52;3;0;4.4;7
1024;52;6;1;5.6;7
1025;52;5;1;6.1;7
1026;52;4;1;5;7
1027;52;4;0;2.9;7
1028;52;6;0;3.4;7
1029;52;6;0;3.2;7
1030;52;5;1;4.7;7
1031;52;5;1;5.1;7
1032;52;6;1;5.4;7
1033;52;5;0;4.2;7
1034;52;2;0;1.9;7
1035;52;5;0;4.4;7
1036;52;5;0;4.5;7
1037;52;5;0;3.6;7
1038;52;7;1;5.4;7
1039;52;5;0;3.9;7
1040;52;5;1;3.4;7
1041;52;6;0;4.5;7
1042;52;6;1;6;7
1043;52;6;1;3.6;7
1044;52;6;0;4.2;7
1045;53;3;1;6.8;21
1046;53;5;1;7.2;21
1047;53;4;1;6.2;21
1048;53;5;1;7.5;21
1049;53;4;1;7.1;21
1050;53;5;1;6.7;21
1051;53;7;1;7;21
1052;53;5;1;6.5;21
1053;53;6;1;8.4;21
1054;53;4;1;6.2;21
1055;53;1;1;5.3;21
1056;53;4;1;5.3;21
1057;53;4;1;5.5;21
1058;53;5;1;7.4;21
1059;53;5;1;6.9;21
1060;53;6;1;7.5;21
1061;53;6;1;6.8;21
1062;53;5;1;5.1;21
1063;53;4;1;6.6;21
1064;54;4;1;6;16
1065;54;6;0;4.7;16
1066;54;5;0;5.6;16
1067;54;5;0;3.6;16
1068;54;6;0;3.4;16
1069;54;4;0;4.7;16
1070;54;5;1;6.6;16
1071;54;5;0;4.6;16
1072;54;7;0;4.5;16
1073;54;4;0;5.5;16
1074;54;5;1;5.3;16
1075;54;6;0;5.4;16
1076;54;5;0;4.8;16
1077;54;5;1;5.6;16
1078;54;6;1;6;16
1079;54;6;1;6.8;16
1080;54;4;0;3.8;16
1081;54;6;1;6.7;16
1082;54;4;1;5.8;16
1083;55;5;0;2.7;7
1084;55;6;0;5;7
1085;55;6;0;4.4;7
1086;55;5;0;2.2;7
1087;55;5;0;4.5;7
1088;55;3;0;2.4;7
1089;55;6;0;2.7;7
1090;55;6;0;3.8;7
1091;55;5;0;4.5;7
1092;55;7;0;4.5;7
1093;55;7;0;4.1;7
1094;55;6;0;3.4;7
1095;55;5;0;2.4;7
1096;55;5;0;4.1;7
1097;55;6;0;5;7
1098;55;6;0;3.8;7
1099;55;4;0;3.9;7
1100;55;7;0;3.4;7
1101;55;6;0;4.4;7
1102;55;5;0;2.3;7
1103;55;4;0;2;7
1104;56;5;0;4.9;12
1105;56;4;0;2.4;12
1106;56;6;1;4.4;12
1107;56;4;0;3.4;12
1108;56;6;0;3.9;12
1109;56;5;1;4.4;12
1110;56;5;1;6.1;12
1111;56;3;0;3.9;12
1112;56;6;0;6.3;12
1113;56;4;1;4.9;12
1114;56;6;1;5.9;12
1115;56;5;1;6;12
1116;56;5;1;6.5;12
1117;56;5;0;4;12
1118;56;4;0;4;12
1119;56;4;1;5.7;12
1120;56;6;0;3.6;12
1121;56;5;0;3.9;12
1122;56;5;1;6;12
1123;57;6;1;4.8;4
1124;57;8;1;6.7;4
1125;57;6;0;2.8;4
1126;57;7;0;4.9;4
1127;57;7;1;5.4;4
1128;57;6;1;3.9;4
1129;57;5;0;2.1;4
1130;57;5;1;3.1;4
1131;57;5;1;3.5;4
1132;57;6;0;2.1;4
1133;57;5;1;5;4
1134;57;7;1;4.8;4
1135;57;4;0;2.2;4
1136;57;7;1;5.1;4
1137;57;2;0;1.2;4
1138;57;7;1;4.9;4
1139;57;8;0;4.8;4
1140;57;5;1;3;4
1141;58;4;0;5.7;22
1142;58;6;1;6.5;22
1143;58;5;1;6.4;22
1144;58;6;1;8.1;22
1145;58;6;0;5.1;22
1146;58;3;0;4.1;22
1147;58;6;1;6.3;22
1148;58;3;0;5.2;22
1149;58;4;1;7;22
1150;58;5;0;5.6;22
1151;58;6;1;6.5;22
1152;58;2;0;4;22
1153;58;6;1;7;22
1154;58;4;0;4.5;22
1155;58;5;1;6.7;22
1156;58;5;1;7.5;22
1157;58;4;1;7;22
1158;58;5;1;7;22
1159;58;5;0;5.7;22
1160;58;3;0;4.6;22
1161;59;6;0;2.9;5
1162;59;5;1;4.8;5
1163;59;6;1;5.8;5
1164;59;5;0;3.1;5
1165;59;5;0;4.3;5
1166;59;6;0;4.1;5
1167;59;5;0;2.8;5
1168;59;6;1;5;5
1169;59;5;1;5.1;5
1170;59;7;0;4.7;5
1171;59;6;0;3.4;5
1172;59;4;0;1.8;5
1173;59;4;1;4.1;5
1174;59;6;1;6.1;5
1175;59;6;1;4.6;5
1176;59;5;0;3.9;5
1177;59;6;0;4.8;5
1178;60;5;0;2.8;3
1179;60;8;1;6.4;3
1180;60;9;0;5.6;3
1181;60;7;1;5.7;3
1182;60;6;1;5.5;3
1183;60;7;0;4;3
1184;60;8;1;5.3;3
1185;60;5;1;3.7;3
1186;60;6;0;4.5;3
1187;60;7;0;3;3
1188;60;8;1;6;3
1189;60;7;0;3.6;3
1190;60;6;1;5.7;3
1191;60;7;1;5.1;3
1192;60;7;1;6.1;3
1193;60;7;1;5.9;3
1194;60;7;0;4.2;3
1195;60;4;0;1.6;3
1196;60;5;0;2.7;3
1197;60;6;1;3.3;3
1198;60;4;0;1.4;3
1199;61;3;1;6.2;23
1200;61;6;0;5.9;23
1201;61;4;1;5.6;23
1202;61;3;1;4.8;23
1203;61;4;1;5.5;23
1204;61;5;0;5.5;23
1205;61;4;1;4.4;23
1206;61;6;1;7.1;23
1207;61;4;0;4.3;23
1208;61;4;1;6.3;23
1209;61;5;1;8.2;23
1210;61;3;0;4.4;23
1211;61;6;1;7.5;23
1212;61;5;1;5.3;23
1213;61;4;0;5.9;23
1214;61;5;0;6.4;23
1215;61;4;1;5.7;23
1216;61;4;0;5.1;23
1217;61;5;0;5.7;23
1218;62;5;1;6.6;25
1219;62;5;0;5;25
1220;62;5;0;4.9;25
1221;62;6;0;5.4;25
1222;62;3;0;4.9;25
1223;62;4;1;5.8;25
1224;62;5;1;8.4;25
1225;62;4;1;6.5;25
1226;62;4;1;4.8;25
1227;62;6;1;6.7;25
1228;62;4;1;6;25
1229;62;6;1;5.2;25
1230;62;4;0;4.7;25
1231;62;6;0;5.4;25
1232;62;5;0;4.7;25
1233;62;5;1;6.9;25
1234;62;4;0;5.2;25
1235;62;5;0;4.8;25
1236;62;5;1;7.5;25
1237;62;5;0;4.8;25
1238;63;6;1;7.7;15
1239;63;5;0;4.8;15
1240;63;3;1;5.1;15
1241;63;4;0;3.4;15
1242;63;6;0;5.5;15
1243;63;5;0;4.6;15
1244;63;7;0;4.8;15
1245;63;5;1;5.3;15
1246;63;5;0;4.6;15
1247;63;5;1;5.4;15
1248;63;6;0;6.1;15
1249;63;5;1;5.8;15
1250;63;7;0;5.5;15
1251;63;5;0;4.6;15
1252;63;6;1;6.4;15
1253;63;5;1;6.5;15
1254;63;4;0;4.2;15
1255;63;4;1;4.6;15
1256;63;4;0;3.1;15
1257;63;4;1;6.8;15
1258;63;7;1;7.1;15
1259;63;4;1;5.5;15
1260;63;5;1;6.9;15
1261;63;4;0;4.6;15
1262;63;4;0;4;15
1263;64;2;1;6.3;25
1264;64;4;1;6.9;25
1265;64;4;1;5.6;25
1266;64;5;1;8.8;25
1267;64;3;1;5.7;25
1268;64;3;1;8.2;25
1269;64;5;1;8.1;25
1270;64;5;1;6.6;25
1271;64;6;1;6.9;25
1272;64;6;1;5.7;25
1273;64;5;1;8.8;25
1274;64;2;1;7.6;25
1275;64;7;1;9.1;25
1276;64;5;1;7.7;25
1277;64;5;1;6;25
1278;64;5;1;7.4;25
1279;64;3;1;5.6;25
1280;64;6;1;8.9;25
1281;64;6;1;6.4;25
1282;65;5;0;6;22
1283;65;3;0;6.6;22
1284;65;4;0;5.3;22
1285;65;5;1;6.4;22
1286;65;4;1;5.6;22
1287;65;5;1;6.8;22
1288;65;5;0;5.3;22
1289;65;4;0;5.1;22
1290;65;7;0;5.3;22
1291;65;5;1;6.4;22
1292;65;5;1;8.5;22
1293;65;6;0;5.7;22
1294;65;4;0;5.2;22
1295;65;4;1;7.5;22
1296;65;5;0;6.7;22
1297;65;5;1;7.3;22
1298;65;4;0;5.1;22
1299;65;5;0;4.7;22
1300;65;3;0;5.1;22
1301;65;5;1;7.4;22
1302;65;4;1;7.9;22
1303;65;6;1;7;22
1304;66;7;1;7.5;8
1305;66;7;1;6.9;8
1306;66;5;0;4.5;8
1307;66;5;0;4;8
1308;66;5;1;6.2;8
1309;66;5;1;5.2;8
1310;66;6;1;7;8
1311;66;6;1;6.3;8
1312;66;5;1;5.5;8
1313;66;6;1;6.6;8
1314;66;6;0;4.6;8
1315;66;5;1;5.3;8
1316;66;4;1;6.4;8
1317;66;5;1;6.5;8
1318;66;7;1;7.4;8
1319;66;6;0;6.7;8
1320;66;4;0;4.9;8
1321;66;4;0;5.1;8
1322;66;7;1;8.6;8
1323;66;5;0;4.5;8
1324;67;6;1;5.9;23
1325;67;8;1;8.1;23
1326;67;6;1;5.9;23
1327;67;3;1;6;23
1328;67;7;1;8.3;23
1329;67;5;1;5.8;23
1330;67;5;1;5.5;23
1331;67;4;1;5.9;23
1332;67;4;1;8.2;23
1333;67;7;1;6.9;23
1334;67;5;1;6.7;23
1335;67;6;1;6.4;23
1336;67;4;1;6.4;23
1337;67;5;1;5.5;23
1338;67;4;1;7.3;23
1339;67;4;1;6.7;23
1340;67;1;1;5.6;23
1341;67;7;1;7.4;23
1342;67;5;1;5.3;23
1343;67;5;1;6.7;23
1344;67;6;1;6.8;23
1345;68;3;0;6.5;20
1346;68;6;0;6.3;20
1347;68;5;0;5.2;20
1348;68;5;0;6.8;20
1349;68;4;0;4.8;20
1350;68;6;1;7.5;20
1351;68;6;0;5.8;20
1352;68;6;0;5.9;20
1353;68;5;1;6.7;20
1354;68;4;1;6.3;20
1355;68;4;0;4.6;20
1356;68;6;0;4.7;20
1357;68;5;1;5.5;20
1358;68;3;1;5.7;20
1359;68;4;0;4.7;20
1360;68;4;0;5.2;20
1361;68;4;0;4;20
1362;69;5;0;5;24
1363;69;5;1;5.4;24
1364;69;4;0;5.3;24
1365;69;3;1;6.6;24
1366;69;6;0;5.9;24
1367;69;5;0;4.1;24
1368;69;3;0;5.6;24
1369;69;5;1;5.9;24
1370;69;4;0;4.7;24
1371;69;5;1;6.2;24
1372;69;3;0;4.7;24
1373;69;3;0;4.9;24
1374;69;4;0;5.3;24
1375;69;5;1;6.6;24
1376;69;5;0;5.1;24
1377;69;5;1;7.5;24
1378;69;5;1;7.1;24
1379;69;6;1;7.1;24
1380;70;4;1;4.9;22
1381;70;4;1;4.1;22
1382;70;6;1;5;22
1383;70;4;1;4.2;22
1384;70;5;1;6.5;22
1385;70;4;1;7.4;22
1386;70;5;0;5;22
1387;70;6;0;6.1;22
1388;70;3;0;4.4;22
1389;70;4;1;5.6;22
1390;70;6;0;4.9;22
1391;70;7;0;5.3;22
1392;70;5;0;3.1;22
1393;70;5;0;4.3;22
1394;70;5;1;5.8;22
1395;70;4;0;3.1;22
1396;70;4;1;5.5;22
1397;70;5;1;5.8;22
1398;70;7;0;4.9;22
1399;70;1;0;2.9;22
1400;70;3;0;4.1;22
1401;71;3;0;3;18
1402;71;5;0;5.1;18
1403;71;3;0;3.6;18
1404;71;4;1;4;18
1405;71;7;0;4.9;18
1406;71;4;0;3.9;18
1407;71;7;1;4.4;18
1408;71;6;1;6.9;18
1409;71;4;0;2.8;18
1410;71;5;1;5.5;18
1411;71;4;0;3.7;18
1412;71;6;1;5.6;18
1413;71;5;1;5.2;18
1414;71;4;0;2.6;18
1415;71;5;1;5.3;18
1416;71;4;1;4;18
1417;71;3;0;3.9;18
1418;71;3;0;1.7;18
1419;71;3;1;5.8;18
1420;71;4;1;4.8;18
1421;71;5;1;6;18
1422;71;3;1;4.9;18
1423;72;5;0;5.3;19
1424;72;4;0;6.3;19
1425;72;6;0;5.9;19
1426;72;5;0;5.5;19
1427;72;5;0;5.6;19
1428;72;5;0;4.4;19
1429;72;6;1;7.3;19
1430;72;7;1;8.4;19
1431;72;5;0;4.9;19
1432;72;5;0;4.8;19
1433;72;6;0;5.7;19
1434;72;4;0;6;19
1435;72;4;1;6.1;19
1436;72;4;0;6.1;19
1437;72;6;0;6.7;19
1438;72;4;0;4.5;19
1439;72;5;0;6.5;19
1440;72;5;0;5.9;19
1441;72;4;1;6.9;19
1442;72;6;0;4;19
1443;72;5;0;5.8;19
1444;73;3;1;4.7;14
1445;73;6;1;6.2;14
1446;73;5;1;6.7;14
1447;73;5;1;5.4;14
1448;73;6;0;5;14
1449;73;5;0;4.2;14
1450;73;6;0;5.3;14
1451;73;5;1;4.4;14
1452;73;5;1;6.2;14
1453;73;4;0;3.8;14
1454;73;6;1;6.3;14
1455;73;4;1;4.5;14
1456;73;5;0;5.6;14
1457;73;4;0;3.3;14
1458;73;6;0;5.2;14
1459;73;3;0;4.1;14
1460;73;5;0;5.1;14
1461;73;5;1;6.3;14
1462;73;6;1;6.8;14
1463;73;4;0;4;14
1464;74;6;1;6.9;17
1465;74;5;0;4.8;17
1466;74;5;1;5.7;17
1467;74;5;0;4.7;17
1468;74;6;0;5.1;17
1469;74;5;1;5.3;17
1470;74;5;0;3.3;17
1471;74;7;0;6.6;17
1472;74;5;0;4.7;17
1473;74;6;0;4.2;17
1474;74;5;0;5.9;17
1475;74;6;1;4.6;17
1476;74;5;1;6.4;17
1477;74;5;0;3.8;17
1478;74;3;1;4.3;17
1479;74;5;1;5.6;17
1480;74;4;0;4.4;17
1481;75;4;1;5.4;21
1482;75;6;1;8.1;21
1483;75;4;1;6;21
1484;75;5;1;7.5;21
1485;75;6;1;5.8;21
1486;75;4;1;7.5;21
1487;75;3;1;7.5;21
1488;75;6;1;6.4;21
1489;75;4;1;5.7;21
1490;75;5;1;6.5;21
1491;75;3;1;6.8;21
1492;75;5;1;5.8;21
1493;75;6;1;7.1;21
1494;75;6;1;6.4;21
1495;75;5;1;7.9;21
1496;75;5;1;8.1;21
1497;75;5;1;6.6;21
1498;76;6;0;4;16
1499;76;5;1;4.5;16
1500;76;5;0;3.5;16
1501;76;5;1;5.2;16
1502;76;6;1;5.5;16
1503;76;5;0;5;16
1504;76;6;0;5.1;16
1505;76;3;1;3.8;16
1506;76;5;1;6;16
1507;76;5;0;4;16
1508;76;5;0;3.2;16
1509;76;5;1;6.1;16
1510;76;5;0;4.5;16
1511;76;4;0;3.6;16
1512;76;5;0;5.2;16
1513;76;5;1;4.8;16
1514;76;4;1;3.9;16
1515;76;4;0;4.4;16
1516;77;8;0;6;3
1517;77;7;1;5.3;3
1518;77;6;1;5.5;3
1519;77;7;1;6.1;3
1520;77;7;1;6.2;3
1521;77;5;0;2.9;3
1522;77;6;1;5.6;3
1523;77;5;0;4.3;3
1524;77;7;1;6.5;3
1525;77;6;0;4;3
1526;77;5;0;3;3
1527;77;6;0;4.5;3
1528;77;7;0;3.9;3
1529;77;7;0;3.8;3
1530;77;5;0;2.5;3
1531;77;6;0;3.2;3
1532;77;6;1;4.3;3
1533;77;7;1;6.7;3
1534;77;7;0;4.5;3
1535;78;5;0;3.7;23
1536;78;6;1;5.4;23
1537;78;4;1;5.6;23
1538;78;7;0;5.6;23
1539;78;5;0;3.8;23
1540;78;5;1;6.4;23
1541;78;6;0;4.4;23
1542;78;6;1;7.1;23
1543;78;5;0;4.1;23
1544;78;3;0;3.9;23
1545;78;4;0;3.9;23
1546;78;6;0;5.3;23
1547;78;3;1;5.2;23
1548;78;7;1;5.4;23
1549;78;6;0;5.3;23
1550;78;4;0;3.7;23
1551;78;3;1;4.9;23
1552;78;7;1;6;23
1553;79;6;1;6.7;15
1554;79;6;0;5;15
1555;79;6;0;4;15
1556;79;4;0;4.7;15
1557;79;7;1;7.4;15
1558;79;4;0;4;15
1559;79;5;0;3.5;15
1560;79;5;0;4.9;15
1561;79;3;0;3.2;15
1562;79;5;1;6.3;15
1563;79;6;1;6.6;15
1564;79;6;1;5.5;15
1565;79;5;1;5.9;15
1566;79;5;0;4.8;15
1567;79;6;1;7.4;15
1568;79;4;0;4.2;15
1569;79;5;0;5.5;15
1570;79;6;0;5.9;15
1571;79;5;0;4;15
1572;79;6;0;4.3;15
1573;80;4;0;4.2;23
1574;80;4;1;5.2;23
1575;80;4;0;2.7;23
1576;80;5;1;5.8;23
1577;80;5;0;4.7;23
1578;80;6;0;2;23
1579;80;4;0;4.5;23
1580;80;4;1;5.4;23
1581;80;6;1;5.4;23
1582;80;5;0;3.5;23
1583;80;6;0;5.3;23
1584;80;5;0;2.8;23
1585;80;5;1;5.3;23
1586;80;5;1;4.6;23
1587;80;6;0;3.8;23
1588;80;5;0;3.6;23
1589;80;2;0;3.7;23
1590;80;4;1;4.6;23
1591;80;6;1;3.7;23
1592;80;4;1;5.6;23
1593;81;4;0;2.4;8
1594;81;6;0;4.6;8
1595;81;6;0;3.9;8
1596;81;6;1;4.8;8
1597;81;6;1;6;8
1598;81;5;1;3.7;8
1599;81;5;0;4.1;8
1600;81;5;1;4.5;8
1601;81;6;1;4.8;8
1602;81;4;0;3.3;8
1603;81;7;0;3.9;8
1604;81;5;1;5.2;8
1605;81;6;0;4.9;8
1606;81;7;1;6;8
1607;81;5;0;2.7;8
1608;81;4;0;2.7;8
1609;81;6;0;4.4;8
1610;81;5;1;4.6;8
1611;81;6;1;5.3;8
1612;81;5;0;4.1;8
1613;81;7;0;4.5;8
1614;82;4;0;1.4;8
1615;82;5;0;2.8;8
1616;82;6;0;2.5;8
1617;82;9;0;4.2;8
1618;82;5;0;3.1;8
1619;82;5;0;1.1;8
1620;82;7;0;4.2;8
1621;82;6;0;2.4;8
1622;82;5;0;0;8
1623;82;5;0;2.5;8
1624;82;5;0;1.7;8
1625;82;5;0;1.9;8
1626;82;4;0;0.9;8
1627;82;6;0;1.8;8
1628;82;6;0;3.6;8
1629;82;5;0;3.7;8
1630;82;6;0;4;8
1631;82;6;0;4.3;8
1632;82;6;0;1.3;8
1633;82;5;0;3.2;8
1634;82;7;0;3.9;8
1635;83;4;0;5.7;24
1636;83;6;0;6.3;24
1637;83;5;1;6.1;24
1638;83;6;1;5.7;24
1639;83;7;1;7;24
1640;83;5;0;5.4;24
1641;83;7;1;7.6;24
1642;83;3;1;6.4;24
1643;83;5;1;5.9;24
1644;83;5;0;4.5;24
1645;83;4;1;6;24
1646;83;6;1;7.1;24
1647;83;5;1;6.2;24
1648;83;4;1;6.7;24
1649;83;4;0;5;24
1650;83;6;1;7.6;24
1651;83;7;0;5.3;24
1652;83;5;0;5.9;24
1653;84;5;1;5.6;22
1654;84;4;0;4.9;22
1655;84;5;1;7.1;22
1656;84;5;1;8.1;22
1657;84;6;0;6.2;22
1658;84;6;0;6.6;22
1659;84;3;1;6.4;22
1660;84;5;0;5;22
1661;84;5;0;5.6;22
1662;84;5;1;7.5;22
1663;84;6;1;6.5;22
1664;84;5;0;5.6;22
1665;84;4;0;5.3;22
1666;84;5;0;7.3;22
1667;84;5;1;6.6;22
1668;84;5;1;6.2;22
1669;84;4;0;5.8;22
1670;84;5;1;7.6;22
1671;84;4;1;7.1;22
1672;84;4;1;6.6;22
1673;84;3;0;4.3;22
1674;85;7;1;6.8;16
1675;85;3;1;6;16
1676;85;6;1;5.1;16
1677;85;5;1;7.8;16
1678;85;6;1;7.8;16
1679;85;6;1;5.5;16
1680;85;4;1;6.8;16
1681;85;5;1;5.2;16
1682;85;4;1;6.4;16
1683;85;5;1;7.7;16
1684;85;7;1;6.6;16
1685;85;5;1;4.7;16
1686;85;5;1;6.5;16
1687;85;6;1;7.1;16
1688;85;4;1;6.3;16
1689;85;5;1;7;16
1690;85;5;1;5.4;16
1691;85;5;1;6.1;16
1692;85;4;1;6.5;16
1693;85;4;1;6;16
1694;85;7;1;7.4;16
1695;85;4;1;6.7;16
1696;86;4;0;2.4;4
1697;86;6;1;5.6;4
1698;86;7;0;4.7;4
1699;86;7;0;4.3;4
1700;86;6;1;4.1;4
1701;86;6;1;4.6;4
1702;86;7;1;4.6;4
1703;86;7;0;3.2;4
1704;86;7;0;2.2;4
1705;86;6;0;3;4
1706;86;6;0;4.3;4
1707;86;5;0;2.9;4
1708;86;7;1;5.6;4
1709;86;5;0;2.9;4
1710;86;6;1;4.3;4
1711;86;7;1;5.2;4
1712;86;8;1;6.2;4
1713;86;4;1;3.5;4
1714;86;6;0;3.7;4
1715;86;4;0;2.9;4
1716;86;4;0;2;4
1717;86;7;1;5;4
1718;87;7;0;2.9;2
1719;87;7;1;6.1;2
1720;87;8;1;7;2
1721;87;10;1;7.3;2
1722;87;8;1;6.2;2
1723;87;8;0;6.1;2
1724;87;6;1;5.4;2
1725;87;9;1;6.9;2
1726;87;8;0;4.1;2
1727;87;8;1;6.1;2
1728;87;5;0;2;2
1729;87;6;0;3.5;2
1730;87;9;1;7.1;2
1731;87;8;1;6.4;2
1732;87;8;1;5.9;2
1733;87;7;0;5.5;2
1734;87;10;0;5.6;2
1735;87;9;1;7.7;2
1736;87;8;0;4.6;2
1737;87;9;0;4.4;2
1738;87;8;1;6.4;2
1739;88;6;1;5.5;13
1740;88;4;0;3.8;13
1741;88;6;1;6;13
1742;88;5;1;5.9;13
1743;88;5;1;5.7;13
1744;88;4;1;3.3;13
1745;88;5;1;5.1;13
1746;88;4;0;2.7;13
1747;88;6;0;4.7;13
1748;88;5;0;4.4;13
1749;88;6;1;6.4;13
1750;88;4;1;4.3;13
1751;88;4;0;3.3;13
1752;88;7;0;3.1;13
1753;88;4;0;2.5;13
1754;88;3;1;5.3;13
1755;88;5;1;6.2;13
1756;88;5;0;4.6;13
1757;88;5;0;5;13
1758;88;7;1;6.1;13
1759;88;4;0;4;13
1760;88;4;0;3.6;13
1761;88;4;0;3.3;13
1762;89;4;1;4.5;13
1763;89;7;1;5.8;13
1764;89;5;1;5.7;13
1765;89;5;0;5;13
1766;89;6;1;5.5;13
1767;89;5;1;6.9;13
1768;89;5;1;5.7;13
1769;89;5;1;6.2;13
1770;89;4;0;4;13
1771;89;5;0;3.4;13
1772;89;7;1;6.8;13
1773;89;6;1;6;13
1774;89;6;0;5.4;13
1775;89;4;0;2;13
1776;89;5;0;3.2;13
1777;89;5;0;4.9;13
1778;89;5;1;5.2;13
1779;89;6;0;4.1;13
1780;90;7;1;6.5;3
1781;90;6;0;4.2;3
1782;90;7;0;5.4;3
1783;90;7;0;4.9;3
1784;90;5;1;4.1;3
1785;90;7;0;5.1;3
1786;90;9;1;7.1;3
1787;90;6;0;3.8;3
1788;90;7;1;5;3
1789;90;7;1;6.3;3
1790;90;7;0;4.9;3
1791;90;8;1;5.9;3
1792;90;8;1;6.2;3
1793;90;8;1;5.2;3
1794;90;7;1;6.2;3
1795;90;9;1;7.7;3
1796;90;8;1;6.5;3
1797;90;7;1;4.9;3
1798;90;8;0;5.1;3
1799;90;6;1;5;3
1800;90;7;1;5.7;3
1801;90;6;0;5.3;3
1802;90;8;0;5.6;3
1803;91;7;0;4.6;16
1804;91;4;1;5;16
1805;91;3;1;5.7;16
1806;91;5;0;4;16
1807;91;5;1;4.9;16
1808;91;4;0;4;16
1809;91;7;1;7.7;16
1810;91;4;0;3.8;16
1811;91;5;0;6.1;16
1812;91;5;0;4;16
1813;91;6;1;5.9;16
1814;91;5;1;5.1;16
1815;91;4;0;3.5;16
1816;91;7;1;7.1;16
1817;91;4;1;5.2;16
1818;91;5;0;4.8;16
1819;91;7;0;4.2;16
1820;91;7;1;5.4;16
1821;92;4;0;4.4;16
1822;92;4;0;4.2;16
1823;92;4;0;3;16
1824;92;4;0;4;16
1825;92;4;1;3.8;16
1826;92;6;1;4.8;16
1827;92;4;0;4;16
1828;92;5;0;5;16
1829;92;4;0;2.1;16
1830;92;3;0;3.4;16
1831;92;5;1;5.2;16
1832;92;6;0;4.8;16
1833;92;3;0;3.8;16
1834;92;4;1;5.9;16
1835;92;4;0;3.5;16
1836;92;5;0;4;16
1837;92;4;0;2.8;16
1838;93;5;1;5.2;10
1839;93;7;1;5.7;10
1840;93;4;1;5.1;10
1841;93;5;0;4.5;10
1842;93;6;0;4.4;10
1843;93;5;1;5.9;10
1844;93;7;0;6.6;10
1845;93;5;0;3;10
1846;93;5;0;4;10
1847;93;5;1;4.3;10
1848;93;6;0;4.2;10
1849;93;6;0;5.2;10
1850;93;5;0;3.3;10
1851;93;7;1;5.6;10
1852;93;6;1;6.1;10
1853;93;3;0;2.8;10
1854;93;5;1;4.4;10
1855;93;5;0;3.4;10
1856;93;4;0;3.6;10
1857;93;5;0;4.4;10
1858;94;5;0;4;21
1859;94;5;0;5.6;21
1860;94;4;1;6;21
1861;94;5;1;6.6;21
1862;94;6;0;6.3;21
1863;94;6;1;5.7;21
1864;94;6;1;6.1;21
1865;94;6;1;5.3;21
1866;94;5;1;5.7;21
1867;94;5;0;4.9;21
1868;94;2;0;4.1;21
1869;94;5;0;4;21
1870;94;7;1;6;21
1871;94;3;0;3.9;21
1872;94;4;0;4.7;21
1873;94;4;1;7.2;21
1874;95;5;0;4.4;15
1875;95;5;1;4.9;15
1876;95;3;0;4.1;15
1877;95;7;0;5;15
1878;95;5;0;4.1;15
1879;95;3;1;4.9;15
1880;95;5;0;3.1;15
1881;95;4;0;4.1;15
1882;95;5;1;5.1;15
1883;95;5;0;5.3;15
1884;95;6;0;4.5;15
1885;95;6;1;5.7;15
1886;95;6;1;7.5;15
1887;95;4;1;5.3;15
1888;95;5;1;6.3;15
1889;95;5;1;5.8;15
1890;95;5;1;5.9;15
1891;95;6;0;4.9;15
1892;95;7;0;3.9;15
1893;95;5;1;5.4;15
1894;95;4;0;4.3;15
1895;96;6;1;6.1;13
1896;96;5;1;6.7;13
1897;96;6;0;3.9;13
1898;96;6;0;5;13
1899;96;5;0;6.4;13
1900;96;6;1;7;13
1901;96;6;0;4.5;13
1902;96;6;0;4.6;13
1903;96;4;0;4.4;13
1904;96;4;1;4.9;13
1905;96;5;1;7.4;13
1906;96;4;1;4.9;13
1907;96;8;0;7.1;13
1908;96;5;0;5.4;13
1909;96;5;1;5;13
1910;96;6;1;6;13
1911;96;4;1;5;13
1912;96;3;0;3.2;13
1913;96;5;0;4.7;13
1914;96;4;0;4;13
1915;96;5;1;7.2;13
1916;97;5;0;4.2;9
1917;97;7;0;4.3;9
1918;97;5;0;2.5;9
1919;97;3;0;2.1;9
1920;97;4;0;2.8;9
1921;97;5;0;3.4;9
1922;97;5;0;3.4;9
1923;97;4;0;2.9;9
1924;97;5;0;4.1;9
1925;97;5;0;3.6;9
1926;97;4;0;2.2;9
1927;97;4;0;2.6;9
1928;97;4;0;3;9
1929;97;4;0;3.6;9
1930;97;3;0;1.6;9
1931;97;6;0;4.9;9
1932;97;4;0;2.6;9
1933;97;7;0;6.2;9
1934;97;6;0;5.5;9
1935;97;5;0;4.3;9
1936;97;5;0;3.3;9
1937;98;3;0;5.8;25
1938;98;4;1;5.9;25
1939;98;4;0;4.9;25
1940;98;6;1;5.3;25
1941;98;5;1;6.7;25
1942;98;7;1;6.4;25
1943;98;5;0;6.1;25
1944;98;5;1;7.1;25
1945;98;5;0;4.6;25
1946;98;3;0;5.7;25
1947;98;5;1;7.2;25
1948;98;6;1;8.2;25
1949;98;6;0;5.6;25
1950;98;5;1;7.3;25
1951;98;6;1;6.5;25
1952;98;5;0;5.5;25
1953;98;4;1;6.7;25
1954;98;4;1;6.1;25
1955;98;7;1;6.8;25
1956;98;5;1;7.2;25
1957;98;6;1;6.5;25
1958;99;5;0;3.4;21
1959;99;5;0;5.1;21
1960;99;3;0;3.5;21
1961;99;5;0;3.8;21
1962;99;5;1;4.5;21
1963;99;4;1;4.2;21
1964;99;6;0;5.3;21
1965;99;6;1;6.2;21
1966;99;5;1;5.2;21
1967;99;5;1;8;21
1968;99;4;0;4.4;21
1969;99;6;1;7.4;21
1970;99;4;0;4.1;21
1971;99;5;0;5;21
1972;99;4;1;5.8;21
1973;99;5;0;4.4;21
1974;99;3;0;2.9;21
1975;99;4;0;3.5;21
1976;99;5;1;5.4;21
1977;99;5;1;5.9;21
1978;99;5;0;4.6;21
1979;99;5;0;4.8;21
1980;99;5;0;4.2;21
1981;100;5;0;3.9;7
1982;100;6;0;3.7;7
1983;100;7;1;6.1;7
1984;100;3;0;1.7;7
1985;100;7;1;5.9;7
1986;100;7;1;6.1;7
1987;100;7;0;4.3;7
1988;100;5;0;3.9;7
1989;100;5;0;1.1;7
1990;100;5;0;1.4;7
1991;100;5;0;1.9;7
1992;100;6;1;4.9;7
1993;100;7;1;6.5;7
1994;100;5;1;3.7;7
1995;100;5;1;5.2;7
1996;100;4;1;4.3;7
1997;100;4;0;2.6;7
1998;100;8;1;6.7;7
1999;100;5;0;2.9;7
2000;100;9;0;5.3;7
